"id","name","family","genus","name_scientific","classification","weight"
1,Possum,Agavaceae,Pseudocheirus,Pseudocheirus peregrinus,vegetable,2.25
2,Galapagos sea lion,Chenopodiaceae,Zalophus,Zalophus californicus,vegetable,37.56
3,Toddy cat,Cuscutaceae,Paradoxurus,Paradoxurus hermaphroditus,vegetable,84.17
4,Helmeted guinea fowl,Euphorbiaceae,Numida,Numida meleagris,vegetable,51.76
5,Arctic lemming,Brassicaceae,Gatinyo,Gatinyo Familiaris,vegetable,85.83
6,Common turkey,Boraginaceae,Meleagris,Meleagris gallopavo,vegetable,84.51
7,Malabar squirrel,Brassicaceae,Ratufa,Ratufa indica,vegetable,7.68
8,Waved albatross,Campanulaceae,Diomedea,Diomedea irrorata,vegetable,23.95
9,Indian peacock,Pertusariaceae,Pavo,Pavo cristatus,vegetable,4.69
10,Nine-banded armadillo,Cucurbitaceae,Dasypus,Dasypus novemcinctus,vegetable,57.46
11,American crow,Greyiaceae,Corvus,Corvus brachyrhynchos,vegetable,28.09
12,Bandicoot,Rosaceae,Isoodon,Isoodon obesulus,vegetable,79.15
13,Swamp deer,Poaceae,Cervus,Cervus duvauceli,vegetable,14.76
14,Hartebeest,Cyperaceae,Alcelaphus,Alcelaphus buselaphus caama,vegetable,84.31
15,Common eland,Poaceae,Taurotagus,Taurotagus oryx,vegetable,96.6
16,Tinamou,Mniaceae,Eudromia,Eudromia elegans,vegetable,45.61
17,Duck,Rutaceae,Hymenolaimus,Hymenolaimus malacorhynchus,vegetable,89.24
18,Little heron,Campanulaceae,Butorides,Butorides striatus,vegetable,92.18
19,African elephant,Verbenaceae,Loxodonta,Loxodonta africana,vegetable,63.25
20,Tern,Poaceae,Sterna,Sterna paradisaea,vegetable,72.02
21,Eastern cottontail rabbit,Umbilicariaceae,Sylvilagus,Sylvilagus floridanus,vegetable,5.48
22,Grouse,Celastraceae,Centrocercus,Centrocercus urophasianus,vegetable,13.63
23,Eagle,Verrucariaceae,Lophoaetus,Lophoaetus occipitalis,vegetable,86.5
24,Cuis,Poaceae,Microcavia,Microcavia australis,vegetable,68.1
25,Arctic hare,Brassicaceae,Lepus,Lepus arcticus,vegetable,68.29
26,Vulture,Fissidentaceae,Aegypius,Aegypius occipitalis,vegetable,90.23
27,Flicker,Malvaceae,Colaptes,Colaptes campestroides,vegetable,55.86
28,Large-eared bushbaby,Rosaceae,Galago,Galago crassicaudataus,vegetable,88.91
29,Brown hyena,Euphorbiaceae,Hyaena,Hyaena brunnea,vegetable,44.32
30,Possum,Rubiaceae,Trichosurus,Trichosurus vulpecula,vegetable,27.87
31,Great horned owl,Asteraceae,Bubo,Bubo virginianus,vegetable,46.06
32,Small-clawed otter,Chenopodiaceae,Aonyx,Aonyx cinerea,vegetable,79.71
33,Bee-eater,Asteraceae,Merops,Merops bullockoides,vegetable,99.99
34,Emerald green tree boa,Rosaceae,Boa,Boa caninus,vegetable,20.58
35,African snake (unidentified),Passifloraceae,unavailable,unavailable,vegetable,62.7
36,Brocket,Fabaceae,Mazama,Mazama gouazoubira,vegetable,73.05
37,Peccary,Lycopodiaceae,Tayassu,Tayassu pecari,vegetable,80.23
38,Bandicoot,Arecaceae,Isoodon,Isoodon obesulus,vegetable,61.27
39,African buffalo,Cactaceae,Snycerus,Snycerus caffer,vegetable,92.81
40,Sparrow,Haematommataceae,Zonotrichia,Zonotrichia capensis,vegetable,21.94
41,Seal,Apiaceae,Mirounga,Mirounga leonina,vegetable,45.84
42,Ibis,Bombacaceae,Threskionis,Threskionis aethiopicus,vegetable,10.33
43,Asiatic jackal,Ranunculaceae,Canis,Canis aureus,vegetable,32.94
44,African polecat,Poaceae,Ictonyx,Ictonyx striatus,vegetable,31.17
45,Turkey,Melastomataceae,Alectura,Alectura lathami,vegetable,30.69
46,Weaver,Sapotaceae,Ploceus,Ploceus intermedius,vegetable,43.02
47,Pheasant,Salicaceae,Phasianus,Phasianus colchicus,vegetable,66.64
48,Crow,Fabaceae,Corvus,Corvus brachyrhynchos,vegetable,89.46
49,Bird,Rosaceae,Fregata,Fregata magnificans,vegetable,35.8
50,Red-necked phalarope,Scrophulariaceae,Phalaropus,Phalaropus lobatus,vegetable,40.99
51,Carmine bee-eater,Teloschistaceae,Merops,Merops nubicus,vegetable,35.03
52,Phascogale,Asteraceae,Phascogale,Phascogale calura,vegetable,85.54
53,Black-tailed deer,Clusiaceae,Odocoileus,Odocoileus hemionus,vegetable,76.88
54,Margay,Poaceae,Felis,Felis wiedi or Leopardus weidi,vegetable,71.18
55,Eastern quoll,Sphagnaceae,Dasyurus,Dasyurus viverrinus,vegetable,32.5
56,Collared lemming,Asteraceae,Dicrostonyx,Dicrostonyx groenlandicus,vegetable,75.27
57,Common raccoon,Orthotrichaceae,Procyon,Procyon lotor,vegetable,65.03
58,Loris,Saxifragaceae,Loris,Loris tardigratus,vegetable,37.01
59,Flamingo,Apiaceae,Phoeniconaias,Phoeniconaias minor,vegetable,20.59
60,White-browed sparrow weaver,Gyalectaceae,Plocepasser,Plocepasser mahali,vegetable,79.17
61,Starling,Fabaceae,Lamprotornis,Lamprotornis nitens,vegetable,94.4
62,Deer,Ulmaceae,Cervus,Cervus duvauceli,vegetable,12.55
63,Egret,Fontinalaceae,Egretta,Egretta thula,vegetable,33.68
64,Javan gold-spotted mongoose,Apiaceae,Herpestes,Herpestes javanicus,vegetable,27.81
65,Western patch-nosed snake,Haloragaceae,Salvadora,Salvadora hexalepis,vegetable,43.82
66,Banded mongoose,Asteraceae,Mungos,Mungos mungo,vegetable,36.71
67,Racer,Asteraceae,Coluber,Coluber constrictor,vegetable,78.42
68,Boa,Brassicaceae,Epicrates,Epicrates cenchria maurus,vegetable,76.23
69,Scottish highland cow,Fabaceae,Bos,Bos taurus,vegetable,36.51
70,Manatee,Geraniaceae,Trichechus,Trichechus inunguis,vegetable,75.17
71,Snake,Brassicaceae,Drymarchon,Drymarchon corias couperi,vegetable,46.2
72,Marten,Hydrophyllaceae,Martes,Martes americana,vegetable,8.29
73,Agama lizard (unidentified),Hydrangeaceae,Agama,Agama sp.,vegetable,3.93
74,Starling,Ranunculaceae,Lamprotornis,Lamprotornis chalybaeus,vegetable,64.91
75,Gull,Andreaeaceae,Larus,Larus novaehollandiae,vegetable,70.25
76,Kaffir cat,Fagaceae,Felis,Felis silvestris lybica,vegetable,52.99
77,Violet-crested turaco,Rosaceae,Tauraco,Tauraco porphyrelophus,vegetable,43.71
78,Blue-faced booby,Asteraceae,Sula,Sula dactylatra,vegetable,87.9
79,Indian mynah,Cyperaceae,Acridotheres,Acridotheres tristis,vegetable,37.47
80,Dove,Rosaceae,Streptopelia,Streptopelia senegalensis,vegetable,4.76
81,Godwit,Fabaceae,Limosa,Limosa haemastica,vegetable,69.26
82,Sheep,Poaceae,Ovis,Ovis dalli stonei,vegetable,15.33
83,Cormorant,Liliaceae,Phalacrocorax,Phalacrocorax niger,vegetable,77.35
84,Wallaby,Poaceae,Macropus,Macropus rufogriseus,vegetable,87.29
85,African pied wagtail,Chenopodiaceae,Motacilla,Motacilla aguimp,vegetable,7.31
86,Lizard,Fabaceae,Varanus,Varanus sp.,vegetable,59.53
87,Herring gull,Apocynaceae,unavailable,unavailable,vegetable,52.86
88,Cottonmouth,Adoxaceae,Agkistrodon,Agkistrodon piscivorus,vegetable,45.1
89,Pacific gull,Verbenaceae,Gabianus,Gabianus pacificus,vegetable,4.03
90,Seal,Asteraceae,Mirounga,Mirounga angustirostris,vegetable,13.62
91,Shrike,Dryopteridaceae,Laniarius,Laniarius ferrugineus,vegetable,34.64
92,Kongoni,Amaranthaceae,Alcelaphus,Alcelaphus buselaphus cokii,vegetable,81.8
93,Savannah deer (unidentified),Iridaceae,unavailable,unavailable,vegetable,32.4
94,Orca,Aristolochiaceae,Orcinus,Orcinus orca,vegetable,44.64
95,African fish eagle,Brassicaceae,Haliaetus,Haliaetus vocifer,vegetable,34.95
96,Goose,Sphagnaceae,Plectopterus,Plectopterus gambensis,vegetable,45.45
97,Old world fruit bat (unidentified),Sematophyllaceae,unavailable,unavailable,vegetable,35.11
98,Crow,Ranunculaceae,Corvus,Corvus brachyrhynchos,vegetable,64.11
99,Kookaburra,Apocynaceae,Dacelo,Dacelo novaeguineae,vegetable,53.65
100,Possum,Cucurbitaceae,Trichosurus,Trichosurus vulpecula,vegetable,85.82
101,Turtle,Ranunculaceae,Chelodina,Chelodina longicollis,vegetable,11.21
102,Pie,Thelypteridaceae,Dendrocitta,Dendrocitta vagabunda,vegetable,50.81
103,Dragon,Liliaceae,Varanus,Varanus komodensis,vegetable,3.91
104,Otter,Asteraceae,Aonyx,Aonyx capensis,vegetable,74.86
105,Rat,Fabaceae,Dipodomys,Dipodomys deserti,vegetable,40.17
106,Bird (unidentified),Polygalaceae,unavailable,unavailable,vegetable,60.69
107,American crow,Asteraceae,Corvus,Corvus brachyrhynchos,vegetable,26.17
108,Otter,Sphagnaceae,Aonyx,Aonyx cinerea,vegetable,7.27
109,Eastern white pelican,Haemodoraceae,Pelecans,Pelecans onocratalus,vegetable,86.16
110,Yellow baboon,Polemoniaceae,Papio,Papio cynocephalus,vegetable,75.62
111,Beaver,Asteraceae,Castor,Castor fiber,vegetable,94.66
112,Lesser mouse lemur,Rosaceae,Microcebus,Microcebus murinus,vegetable,61.81
113,Common melba finch,Cyperaceae,Pytilia,Pytilia melba,vegetable,55.4
114,Jaguar,Apocynaceae,Panthera,Panthera onca,vegetable,46.39
115,Asian water dragon,Ranunculaceae,Physignathus,Physignathus cocincinus,vegetable,40.63
116,Bandicoot,Malvaceae,Isoodon,Isoodon obesulus,vegetable,68.21
117,Crested porcupine,Brassicaceae,Hystrix,Hystrix cristata,vegetable,60.77
118,Weaver,Hypnaceae,Ploceus,Ploceus rubiginosus,vegetable,34.05
119,Cockatoo,Liliaceae,Cacatua,Cacatua galerita,vegetable,73.28
120,Turkey,Arecaceae,Meleagris,Meleagris gallopavo,vegetable,91.69
121,Small-spotted genet,Myrsinaceae,Genetta,Genetta genetta,vegetable,35.77
122,Asiatic wild ass,Thamnobryaceae,Equus,Equus hemionus,vegetable,35.2
123,White rhinoceros,Urticaceae,Ceratotherium,Ceratotherium simum,vegetable,6.03
124,Kingfisher,Asteraceae,Corythornis,Corythornis cristata,vegetable,60.46
125,Otter,Polemoniaceae,Aonyx,Aonyx capensis,vegetable,65.37
126,Spoonbill,Ericaceae,Platalea,Platalea leucordia,vegetable,25.82
127,Chilean flamingo,Asteraceae,Phoenicopterus,Phoenicopterus chilensis,vegetable,76.9
128,Columbian rainbow boa,Asteraceae,Epicrates,Epicrates cenchria maurus,vegetable,42.85
129,Pampa gray fox,Asteraceae,Pseudalopex,Pseudalopex gymnocercus,vegetable,82.1
130,Dolphin,Poaceae,Stenella,Stenella coeruleoalba,vegetable,1.38
131,Yellow baboon,Peltigeraceae,Papio,Papio cynocephalus,vegetable,58.53
132,Gray langur,Fagaceae,Semnopithecus,Semnopithecus entellus,vegetable,20.28
133,Galapagos mockingbird,Aspleniaceae,Nesomimus,Nesomimus trifasciatus,vegetable,1.04
134,Crown of thorns starfish,Asteraceae,Acanthaster,Acanthaster planci,vegetable,23.88
135,Rhea,Parmeliaceae,Rhea,Rhea americana,vegetable,26.78
136,Wambenger,Rosaceae,Phascogale,Phascogale calura,vegetable,84.27
137,Steller sea lion,Hydrocharitaceae,Eumetopias,Eumetopias jubatus,vegetable,57.05
138,Dove,Saxifragaceae,Streptopelia,Streptopelia senegalensis,vegetable,54.15
139,European stork,Poaceae,Ciconia,Ciconia ciconia,vegetable,43.35
140,Kite,Poaceae,Milvus,Milvus migrans,vegetable,79.11
141,Antelope ground squirrel,Sphenocleaceae,Ammospermophilus,Ammospermophilus nelsoni,vegetable,50.64
142,Lemur,Orthotrichaceae,Microcebus,Microcebus murinus,vegetable,89.95
143,Spur-winged goose,Trapeliaceae,Plectopterus,Plectopterus gambensis,vegetable,42.24
144,Otter,Collemataceae,Lutra,Lutra canadensis,vegetable,48.36
145,Flicker,Lamiaceae,Colaptes,Colaptes campestroides,vegetable,37.92
146,Albatross,Bignoniaceae,Diomedea,Diomedea irrorata,vegetable,71.03
147,Impala,Malvaceae,Aepyceros,Aepyceros mylampus,vegetable,71.83
148,Admiral,Equisetaceae,Vanessa,Vanessa indica,vegetable,39.74
149,Starling,Asteraceae,Lamprotornis,Lamprotornis nitens,vegetable,72.37
150,Fox,Acarosporaceae,Vulpes,Vulpes vulpes,vegetable,79.33
151,Deer,Asteraceae,Mazama,Mazama gouazoubira,vegetable,53.79
152,Mississippi alligator,Acarosporaceae,Alligator,Alligator mississippiensis,vegetable,87.56
153,Tiger snake,Orthotrichaceae,Notechis,Notechis semmiannulatus,vegetable,65.58
154,Albatross,Gyalectaceae,Diomedea,Diomedea irrorata,vegetable,14.38
155,Blue racer,Apiaceae,Coluber,Coluber constrictor foxii,vegetable,42.78
156,Jaguarundi,Cyperaceae,Felis,Felis yagouaroundi,vegetable,52.87
157,Tern,Polygonaceae,Chlidonias,Chlidonias leucopterus,vegetable,7.87
158,Kiskadee,Poaceae,Pitangus,Pitangus sulphuratus,vegetable,13.95
159,Campo flicker,Fagaceae,Colaptes,Colaptes campestroides,vegetable,2.89
160,Killer whale,Brassicaceae,Orcinus,Orcinus orca,vegetable,73.77
161,Lion,Ericaceae,Eumetopias,Eumetopias jubatus,vegetable,99.7
162,Eastern diamondback rattlesnake,Isoetaceae,Crotalus,Crotalus adamanteus,vegetable,1.23
163,Levaillant's barbet,Agavaceae,Trachyphonus,Trachyphonus vaillantii,vegetable,5.26
164,Wild water buffalo,Agavaceae,Bubalus,Bubalus arnee,vegetable,70.4
165,African polecat,Cornaceae,Ictonyx,Ictonyx striatus,vegetable,10.47
166,Ibex,Cladoniaceae,Capra,Capra ibex,vegetable,60.19
167,Owl,Brassicaceae,Speotyte,Speotyte cuniculata,vegetable,18.2
168,Cat,Cactaceae,Felis,Felis silvestris lybica,vegetable,23.84
169,Kelp gull,Iridaceae,Larus,Larus dominicanus,vegetable,62.59
170,Dove,Acanthaceae,Streptopelia,Streptopelia senegalensis,vegetable,46.53
171,Grenadier,Euphorbiaceae,Uraeginthus,Uraeginthus granatina,vegetable,41.54
172,Baboon,Rubiaceae,Papio,Papio cynocephalus,vegetable,32.12
173,Rhea,Campanulaceae,Rhea,Rhea americana,vegetable,11.63
174,Suricate,Nyctaginaceae,Suricata,Suricata suricatta,vegetable,42.68
175,Wagtail,Rosaceae,Motacilla,Motacilla aguimp,vegetable,76.71
176,Baboon,Polemoniaceae,Papio,Papio ursinus,vegetable,70.3
177,Black-crowned night heron,Portulacaceae,Nycticorax,Nycticorax nycticorax,vegetable,47.37
178,Capuchin,Orobanchaceae,Cebus,Cebus apella,vegetable,48.74
179,Tsessebe,Brassicaceae,Damaliscus,Damaliscus lunatus,vegetable,86.44
180,Tree porcupine,Violaceae,Coendou,Coendou prehensilis,vegetable,73.99
181,Kite,Euphorbiaceae,Milvus,Milvus migrans,vegetable,49.79
182,Green heron,Fabaceae,Butorides,Butorides striatus,vegetable,54.49
183,Hen,Connaraceae,Centrocercus,Centrocercus urophasianus,vegetable,73.62
184,Cardinal,Poaceae,Paroaria,Paroaria gularis,vegetable,33.45
185,Crab,Bryaceae,Graspus,Graspus graspus,vegetable,83.03
186,Rhea,Scrophulariaceae,Rhea,Rhea americana,vegetable,22.87
187,Starling,Asteraceae,Lamprotornis,Lamprotornis chalybaeus,vegetable,6.77
188,Bettong,Encalyptaceae,Bettongia,Bettongia penicillata,vegetable,63.88
189,Phalarope,Dennstaedtiaceae,Phalaropus,Phalaropus fulicarius,vegetable,18.26
190,Mexican wolf,Hydrangeaceae,Canis,Canis lupus baileyi,vegetable,13.63
191,Butterfly (unidentified),Fabaceae,unavailable,unavailable,vegetable,63.65
192,Gnu,Fabaceae,Connochaetus,Connochaetus taurinus,vegetable,60.21
193,Common brushtail possum,Cyperaceae,Trichosurus,Trichosurus vulpecula,vegetable,10.65
194,Badger,Mycocaliciaceae,Meles,Meles meles,vegetable,81.95
195,Sacred ibis,Bromeliaceae,Threskionis,Threskionis aethiopicus,vegetable,4.6
196,Coyote,Rosaceae,Canis,Canis latrans,vegetable,81.28
197,Cat,Caryophyllaceae,Felis,Felis wiedi or Leopardus weidi,vegetable,36.63
198,Antelope ground squirrel,Rutaceae,Ammospermophilus,Ammospermophilus nelsoni,vegetable,46.33
199,Feral rock pigeon,Rosaceae,Columba,Columba livia,vegetable,21.23
200,Collared lizard,Burseraceae,Crotaphytus,Crotaphytus collaris,vegetable,79.39
201,Pintail,Scrophulariaceae,Anas,Anas bahamensis,vegetable,61.26
202,Cormorant (unidentified),Thelenellaceae,unavailable,unavailable,vegetable,94.34
203,Common ringtail,Scrophulariaceae,Pseudocheirus,Pseudocheirus peregrinus,vegetable,68.31
204,Miner's cat,Lamiaceae,Bassariscus,Bassariscus astutus,vegetable,40.23
205,North American beaver,Boraginaceae,Castor,Castor canadensis,vegetable,51.38
206,Radiated tortoise,Orchidaceae,Geochelone,Geochelone radiata,vegetable,70.64
207,Caracal,Poaceae,Felis,Felis caracal,vegetable,14.78
208,Burchell's gonolek,Chenopodiaceae,Laniaurius,Laniaurius atrococcineus,vegetable,80.96
209,Albatross,Ophioglossaceae,Diomedea,Diomedea irrorata,vegetable,42.73
210,Crow,Fabaceae,Corvus,Corvus albus,vegetable,22.04
211,Crane,Cuscutaceae,Grus,Grus antigone,vegetable,33.81
212,Squirrel,Asteraceae,Paraxerus,Paraxerus cepapi,vegetable,26.24
213,Rhea,Portulacaceae,Rhea,Rhea americana,vegetable,25.86
214,Jackal,Liliaceae,Canis,Canis aureus,vegetable,55.64
215,Mouflon,Solanaceae,Ovis,Ovis musimon,vegetable,80.53
216,Starling,Asteraceae,Lamprotornis,Lamprotornis chalybaeus,vegetable,49.14
217,Bear,Iridaceae,Ursus,Ursus americanus,vegetable,21.14
218,Legaan,Asteraceae,Varanus,Varanus sp.,vegetable,62.04
219,Finch,Loasaceae,Pytilia,Pytilia melba,vegetable,95.69
220,Agama lizard (unidentified),Fabaceae,Agama,Agama sp.,vegetable,53.48
221,Phascogale,Liliaceae,Phascogale,Phascogale tapoatafa,vegetable,23.46
222,Viper,Ranunculaceae,Naja,Naja haje,vegetable,57.04
223,Glider,Orchidaceae,Petaurus,Petaurus breviceps,vegetable,42.65
224,Bush dog,Poaceae,Speothos,Speothos vanaticus,vegetable,50.99
225,Greater blue-eared starling,Orchidaceae,Lamprotornis,Lamprotornis chalybaeus,vegetable,59.19
226,Heron,Pittosporaceae,Butorides,Butorides striatus,vegetable,12.69
227,Baboon,Pteridaceae,Theropithecus,Theropithecus gelada,vegetable,63.36
228,Lorikeet,Brassicaceae,Trichoglossus,Trichoglossus chlorolepidotus,vegetable,56.1
229,Galapagos sea lion,Boraginaceae,Zalophus,Zalophus californicus,vegetable,17.74
230,Thrasher,Celastraceae,Toxostoma,Toxostoma curvirostre,vegetable,36.97
231,Snake,Caryophyllaceae,Drymarchon,Drymarchon corias couperi,vegetable,23.79
232,Woodchuck,Campanulaceae,Marmota,Marmota monax,vegetable,34.5
233,Rhinoceros,Hymeneliaceae,Ceratotherium,Ceratotherium simum,vegetable,5.22
234,Common mynah,Euphorbiaceae,Acridotheres,Acridotheres tristis,vegetable,79.41
235,Whip-tailed wallaby,Rubiaceae,Macropus,Macropus parryi,vegetable,77.44
236,Old world fruit bat (unidentified),Cyperaceae,unavailable,unavailable,vegetable,47.35
237,African lion,Liliaceae,Panthera,Panthera leo,vegetable,39.38
238,Killer whale,Ericaceae,Orcinus,Orcinus orca,vegetable,88.06
239,Oryx,Campanulaceae,Oryx,Oryx gazella callotis,vegetable,34.59
240,Wild boar,Rosaceae,Sus,Sus scrofa,vegetable,42.94
241,Shrike,Pottiaceae,Laniaurius,Laniaurius atrococcineus,vegetable,87.02
242,Zorro,Cyperaceae,Dusicyon,Dusicyon thous,vegetable,31.74
243,Greylag goose,Campanulaceae,Anser,Anser anser,vegetable,93.24
244,Red howler monkey,Araliaceae,Alouatta,Alouatta seniculus,vegetable,81.09
245,South American meadowlark (unidentified),Sphagnaceae,unavailable,unavailable,vegetable,85.6
246,Gulls (unidentified),Asteraceae,Larus,Larus sp.,vegetable,61.49
247,Mountain goat,Scrophulariaceae,Oreamnos,Oreamnos americanus,vegetable,9.55
248,Sage grouse,Cyperaceae,Centrocercus,Centrocercus urophasianus,vegetable,48.29
249,Boubou,Fumariaceae,Laniarius,Laniarius ferrugineus,vegetable,79.72
250,Macaw,Polygonaceae,Ara,Ara chloroptera,vegetable,87.91
251,Scarlet macaw,Myrtaceae,Ara,Ara macao,vegetable,56.28
252,White-fronted capuchin,Euphorbiaceae,Cebus,Cebus albifrons,vegetable,42.51
253,Great kiskadee,Pinaceae,Pitangus,Pitangus sulphuratus,vegetable,53.94
254,Black-tailed prairie dog,Brachytheciaceae,Cynomys,Cynomys ludovicianus,vegetable,82.03
255,Phascogale,Rubiaceae,Phascogale,Phascogale calura,vegetable,80.24
256,White rhinoceros,Candelariaceae,Ceratotherium,Ceratotherium simum,vegetable,70.95
257,Wallaby,Fabaceae,Macropus,Macropus agilis,vegetable,70.25
258,Gull,Uncertain Ascomycota Family,Larus,Larus fuliginosus,vegetable,27.25
259,Swainson's francolin,Scrophulariaceae,Francolinus,Francolinus swainsonii,vegetable,20.44
260,Great kiskadee,Bixaceae,Pitangus,Pitangus sulphuratus,vegetable,94.4
261,Blue racer,Asteraceae,Coluber,Coluber constrictor foxii,vegetable,67.99
262,Vulture,Funariaceae,Aegypius,Aegypius tracheliotus,vegetable,12.28
263,Black-winged stilt,Polemoniaceae,Himantopus,Himantopus himantopus,vegetable,89.53
264,Bobcat,Scrophulariaceae,Felis,Felis rufus,vegetable,71.91
265,Squirrel,Asteraceae,Spermophilus,Spermophilus lateralis,vegetable,65.93
266,Pied avocet,Cyperaceae,Recurvirostra,Recurvirostra avosetta,vegetable,70.98
267,Kinkajou,Amaranthaceae,Potos,Potos flavus,vegetable,7.79
268,Turkey vulture,Fabaceae,Cathartes,Cathartes aura,vegetable,69.99
269,Parakeet,Lycopodiaceae,Psittacula,Psittacula krameri,vegetable,44.16
270,Little blue penguin,Scrophulariaceae,Eudyptula,Eudyptula minor,vegetable,14.02
271,Heron,Cycadaceae,Ardea,Ardea golieth,vegetable,88.66
272,Penguin,Chenopodiaceae,Spheniscus,Spheniscus magellanicus,vegetable,5.91
273,Deer,Cupressaceae,Mazama,Mazama gouazoubira,vegetable,37.54
274,Quoll,Elaeocarpaceae,Dasyurus,Dasyurus maculatus,vegetable,77.71
275,Blue and gold macaw,Fissidentaceae,Ara,Ara ararauna,vegetable,63.65
276,Mynah,Cactaceae,Acridotheres,Acridotheres tristis,vegetable,26.03
277,Grey-footed squirrel,Fabaceae,Paraxerus,Paraxerus cepapi,vegetable,84.94
278,American alligator,Euphorbiaceae,Alligator,Alligator mississippiensis,vegetable,60.91
279,Ground legaan,Coccotremataceae,Varanus,Varanus sp.,vegetable,37.83
280,Red phalarope,Fabaceae,Phalaropus,Phalaropus fulicarius,vegetable,96.53
281,Small Indian mongoose,Asteraceae,Herpestes,Herpestes javanicus,vegetable,5.29
282,Raven,Poaceae,Corvus,Corvus albicollis,vegetable,28.43
283,Meerkat,Scrophulariaceae,Cynictis,Cynictis penicillata,vegetable,98.42
284,Sunbird,Asteraceae,Nectarinia,Nectarinia chalybea,vegetable,92.44
285,Cat,Brassicaceae,Felis,Felis wiedi or Leopardus weidi,vegetable,36.12
286,Gray rhea,Polygonaceae,Rhea,Rhea americana,vegetable,27.35
287,Elegant crested tinamou,Polygonaceae,Eudromia,Eudromia elegans,vegetable,69.85
288,Plover,Caryophyllaceae,Charadrius,Charadrius tricollaris,vegetable,81.96
289,Yellow-crowned night heron,Asteraceae,Nyctanassa,Nyctanassa violacea,vegetable,39.75
290,Eastern quoll,Sphagnaceae,Dasyurus,Dasyurus viverrinus,vegetable,38.89
291,White-browed owl,Parmeliaceae,Ninox,Ninox superciliaris,vegetable,19.51
292,Roan antelope,Rosaceae,Hippotragus,Hippotragus equinus,vegetable,23.99
293,Gecko (unidentified),Asteraceae,unavailable,unavailable,vegetable,35.08
294,Kite,Poaceae,Milvus,Milvus migrans,vegetable,84.44
295,Snake,Fumariaceae,Notechis,Notechis semmiannulatus,vegetable,38.15
296,Horned rattlesnake,Lycopodiaceae,Crotalus,Crotalus cerastes,vegetable,60.16
297,Smith's bush squirrel,Myrtaceae,Paraxerus,Paraxerus cepapi,vegetable,63.37
298,Koala,Asteraceae,Phascolarctos,Phascolarctos cinereus,vegetable,52.76
299,Whale,Asteraceae,Orcinus,Orcinus orca,vegetable,34.33
300,Burchell's gonolek,Cyperaceae,Laniaurius,Laniaurius atrococcineus,vegetable,77.63
301,Russian dragonfly,Mycocaliciaceae,Libellula,Libellula quadrimaculata,vegetable,64.63
302,Flamingo,Fabaceae,Phoenicopterus,Phoenicopterus chilensis,vegetable,11.01
303,Vulture,Apocynaceae,Gyps,Gyps bengalensis,vegetable,18.86
304,Marabou stork,Orchidaceae,Leptoptilos,Leptoptilos crumeniferus,vegetable,78.5
305,Striated heron,Fabaceae,Butorides,Butorides striatus,vegetable,99.48
306,Bee-eater,Ramalinaceae,Merops,Merops nubicus,vegetable,5.91
307,Blue-tongued lizard,Sphagnaceae,Tiliqua,Tiliqua scincoides,vegetable,93.2
308,Eagle,Cyperaceae,Aquila,Aquila chrysaetos,vegetable,54.62
309,Northern elephant seal,Archidiaceae,Mirounga,Mirounga angustirostris,vegetable,52.11
310,African elephant,Apocynaceae,Loxodonta,Loxodonta africana,vegetable,98.11
311,Bee-eater,Cucurbitaceae,Merops,Merops bullockoides,vegetable,90.07
312,Cape starling,Araliaceae,Lamprotornis,Lamprotornis nitens,vegetable,34.26
313,Nelson ground squirrel,Malvaceae,Ammospermophilus,Ammospermophilus nelsoni,vegetable,10.52
314,Flicker,Saxifragaceae,Colaptes,Colaptes campestroides,vegetable,16.55
315,Duck,Convolvulaceae,Hymenolaimus,Hymenolaimus malacorhynchus,vegetable,20.34
316,Tortoise,Cupressaceae,Manouria,Manouria emys,vegetable,44.35
317,Wild turkey,Poaceae,Meleagris,Meleagris gallopavo,vegetable,62.86
318,Sandpiper,Amblystegiaceae,Tringa,Tringa glareola,vegetable,93.47
319,Royal tern,Pyrenulaceae,Thalasseus,Thalasseus maximus,vegetable,52.24
320,Blacksmith plover,Fabaceae,Vanellus,Vanellus armatus,vegetable,9.65
321,Legaan,Cyperaceae,Varanus,Varanus sp.,vegetable,65.01
322,Cat,Lecanoraceae,Bassariscus,Bassariscus astutus,vegetable,91.22
323,Russian dragonfly,Grossulariaceae,Libellula,Libellula quadrimaculata,vegetable,8.02
324,Zorilla,Asteraceae,Ictonyx,Ictonyx striatus,vegetable,79.77
325,North American river otter,Umbilicariaceae,Lutra,Lutra canadensis,vegetable,7.63
326,Snowy egret,Cyperaceae,Egretta,Egretta thula,vegetable,80.42
327,Carpet python,Acanthaceae,Morelia,Morelia spilotes variegata,vegetable,49.23
328,Lapwing (unidentified),Myrtaceae,Vanellus,Vanellus sp.,vegetable,59.97
329,Netted rock dragon,Micareaceae,Ctenophorus,Ctenophorus ornatus,vegetable,22.62
330,Netted rock dragon,Rubiaceae,Ctenophorus,Ctenophorus ornatus,vegetable,40.24
331,Magpie,Blechnaceae,Gymnorhina,Gymnorhina tibicen,vegetable,16.58
332,Dove,Geraniaceae,Streptopelia,Streptopelia decipiens,vegetable,72.43
333,Red-winged hawk (unidentified),Lobariaceae,unavailable,unavailable,vegetable,28.71
334,Red-headed woodpecker,Polemoniaceae,Melanerpes,Melanerpes erythrocephalus,vegetable,71.72
335,Sage hen,Bryaceae,Centrocercus,Centrocercus urophasianus,vegetable,12.03
336,Southern white-crowned shrike,Gesneriaceae,Eurocephalus,Eurocephalus anguitimens,vegetable,41.29
337,Baboon,Primulaceae,Papio,Papio cynocephalus,vegetable,24.9
338,Southern sea lion,Betulaceae,Otaria,Otaria flavescens,vegetable,2.0
339,Goose,Asteraceae,Chloephaga,Chloephaga melanoptera,vegetable,88.43
340,Potoroo,Liliaceae,Potorous,Potorous tridactylus,vegetable,30.14
341,Woodpecker,Asteraceae,Melanerpes,Melanerpes erythrocephalus,vegetable,79.98
342,Lion,Onagraceae,Zalophus,Zalophus californicus,vegetable,6.1
343,Monkey,Lamiaceae,Theropithecus,Theropithecus gelada,vegetable,48.16
344,Cat,Pottiaceae,Dasyurus,Dasyurus maculatus,vegetable,24.06
345,Stork,Commelinaceae,Ciconia,Ciconia ciconia,vegetable,10.51
346,Eastern boa constrictor,Pinaceae,Acrantophis,Acrantophis madagascariensis,vegetable,18.31
347,Goose,Gentianaceae,Chloephaga,Chloephaga melanoptera,vegetable,21.91
348,Galapagos hawk,Campanulaceae,Buteo,Buteo galapagoensis,vegetable,34.51
349,Eleven-banded armadillo (unidentified),Brassicaceae,Cabassous,Cabassous sp.,vegetable,20.09
350,Stork,Ranunculaceae,Mycteria,Mycteria leucocephala,vegetable,75.79
351,Cat,Boraginaceae,Dasyurus,Dasyurus viverrinus,vegetable,14.62
352,Anteater,Lamiaceae,Tachyglossus,Tachyglossus aculeatus,vegetable,48.77
353,Vervet monkey,Zingiberaceae,Cercopithecus,Cercopithecus aethiops,vegetable,12.91
354,Tailless tenrec,Caryophyllaceae,Tenrec,Tenrec ecaudatus,vegetable,81.47
355,Fox,Poaceae,Dusicyon,Dusicyon thous,vegetable,64.8
356,Monkey,Asclepiadaceae,Ateles,Ateles paniscus,vegetable,92.04
357,Red hartebeest,Liliaceae,Alcelaphus,Alcelaphus buselaphus caama,vegetable,67.51
358,Cougar,Asteraceae,Felis,Felis concolor,vegetable,86.84
359,Common dolphin,Scrophulariaceae,Delphinus,Delphinus delphis,vegetable,66.98
360,Armadillo,Fabaceae,Dasypus,Dasypus novemcinctus,vegetable,59.14
361,Dassie,Scrophulariaceae,Dendrohyrax,Dendrohyrax brucel,vegetable,14.52
362,Vulture,Cyperaceae,Cathartes,Cathartes aura,vegetable,3.55
363,Echidna,Poaceae,Tachyglossus,Tachyglossus aculeatus,vegetable,23.58
364,Red-legged pademelon,Polemoniaceae,Thylogale,Thylogale stigmatica,vegetable,86.92
365,Bunting,Ranunculaceae,Melophus,Melophus lathami,vegetable,51.45
366,Sulfur-crested cockatoo,Asteraceae,Cacatua,Cacatua galerita,vegetable,69.07
367,Lapwing (unidentified),Apocynaceae,Vanellus,Vanellus sp.,vegetable,30.61
368,Sportive lemur,Chenopodiaceae,Lepilemur,Lepilemur rufescens,vegetable,93.35
369,Nilgai,Polemoniaceae,Boselaphus,Boselaphus tragocamelus,vegetable,33.65
370,White rhinoceros,Fagaceae,Ceratotherium,Ceratotherium simum,vegetable,83.27
371,Boubou,Cucurbitaceae,Laniarius,Laniarius ferrugineus,vegetable,1.04
372,Racer snake,Cactaceae,Coluber,Coluber constrictor,vegetable,10.53
373,Gecko,Asteraceae,Phylurus,Phylurus milli,vegetable,75.04
374,Eastern indigo snake,Rosaceae,Drymarchon,Drymarchon corias couperi,vegetable,72.58
375,Tailless tenrec,Acanthaceae,Tenrec,Tenrec ecaudatus,vegetable,71.49
376,Galapagos penguin,Cactaceae,Spheniscus,Spheniscus mendiculus,vegetable,20.84
377,Hyrax,Sapindaceae,Dendrohyrax,Dendrohyrax brucel,vegetable,19.5
378,Porcupine,Brassicaceae,Hystrix,Hystrix indica,vegetable,17.24
379,American black bear,Poaceae,Ursus,Ursus americanus,vegetable,44.95
380,Cape fox,Brassicaceae,Vulpes,Vulpes chama,vegetable,44.96
381,Gonolek,Pottiaceae,Laniaurius,Laniaurius atrococcineus,vegetable,12.98
382,Worm snake (unidentified),Asteraceae,Carphophis,Carphophis sp.,vegetable,34.3
383,American racer,Caryophyllaceae,Coluber,Coluber constrictor,vegetable,60.49
384,Carmine bee-eater,Cactaceae,Merops,Merops nubicus,vegetable,25.44
385,Skimmer,Apiaceae,Libellula,Libellula quadrimaculata,vegetable,63.63
386,Squirrel,Asteraceae,Paraxerus,Paraxerus cepapi,vegetable,34.53
387,Brown antechinus,Brassicaceae,Antechinus,Antechinus flavipes,vegetable,48.97
388,Red-necked wallaby,Asteraceae,Macropus,Macropus rufogriseus,vegetable,61.32
389,African wild cat,Parmeliaceae,Felis,Felis silvestris lybica,vegetable,3.33
390,Bee-eater,Brachytheciaceae,Merops,Merops bullockoides,vegetable,25.97
391,Sloth,Asteraceae,Choloepus,Choloepus hoffmani,vegetable,48.48
392,Swan,Verbenaceae,Cygnus,Cygnus atratus,vegetable,77.8
393,Tawny frogmouth,Polemoniaceae,Podargus,Podargus strigoides,vegetable,16.05
394,Rhea,Polygonaceae,Rhea,Rhea americana,vegetable,15.73
395,Lilac-breasted roller,Caryophyllaceae,Coracias,Coracias caudata,vegetable,46.34
396,Roadrunner,Rosaceae,Geococcyx,Geococcyx californianus,vegetable,88.19
397,Lynx,Juncaceae,Felis,Felis caracal,vegetable,60.99
398,Groundhog,Liliaceae,Marmota,Marmota monax,vegetable,30.05
399,Genet,Rutaceae,Genetta,Genetta genetta,vegetable,17.26
400,Lark,Orchidaceae,Eremophila,Eremophila alpestris,vegetable,9.51
401,Olive baboon,Fabaceae,Papio,Papio cynocephalus,vegetable,3.94
402,Egret,Salicaceae,Egretta,Egretta thula,vegetable,20.43
403,Marmot,Polygonaceae,Marmota,Marmota flaviventris,vegetable,23.32
404,Blackbird,Asteraceae,Agelaius,Agelaius phoeniceus,vegetable,30.34
405,Striped skunk,Phytolaccaceae,Mephitis,Mephitis mephitis,vegetable,82.28
406,Vicuna,Juncaceae,Vicugna,Vicugna vicugna,vegetable,96.37
407,Impala,Boraginaceae,Aepyceros,Aepyceros mylampus,vegetable,30.04
408,Otter,Asteraceae,Pteronura,Pteronura brasiliensis,vegetable,46.94
409,Puna ibis,Poaceae,Plegadis,Plegadis ridgwayi,vegetable,51.28
410,Bat,Rosaceae,Pteropus,Pteropus rufus,vegetable,29.3
411,Pig-tailed macaque,Brassicaceae,Macaca,Macaca nemestrina,vegetable,61.85
412,Black-backed magpie,Brassicaceae,Gymnorhina,Gymnorhina tibicen,vegetable,11.95
413,Barbet,Poaceae,Trachyphonus,Trachyphonus vaillantii,vegetable,11.46
414,Frilled lizard,Poaceae,Chlamydosaurus,Chlamydosaurus kingii,vegetable,13.96
415,Mourning collared dove,Melastomataceae,Streptopelia,Streptopelia decipiens,vegetable,72.18
416,Parrot,Fagaceae,Deroptyus,Deroptyus accipitrinus,vegetable,54.6
417,Weeper capuchin,Cyperaceae,Cebus,Cebus nigrivittatus,vegetable,1.05
418,Red-winged hawk (unidentified),Pertusariaceae,unavailable,unavailable,vegetable,2.76
419,Western patch-nosed snake,Caryophyllaceae,Salvadora,Salvadora hexalepis,vegetable,77.55
420,Camel,Rosaceae,Camelus,Camelus dromedarius,vegetable,8.34
421,Burrowing owl,Pontederiaceae,Speotyte,Speotyte cuniculata,vegetable,23.62
422,Slender-billed cockatoo,Cyperaceae,Cacatua,Cacatua tenuirostris,vegetable,38.06
423,Red-winged blackbird,Rosaceae,Agelaius,Agelaius phoeniceus,vegetable,36.11
424,Malabar squirrel,Limnanthaceae,Ratufa,Ratufa indica,vegetable,83.41
425,Lourie,Graphidaceae,Lorythaixoides,Lorythaixoides concolor,vegetable,32.17
426,Black-crowned night heron,Chenopodiaceae,Nycticorax,Nycticorax nycticorax,vegetable,63.89
427,Springhare,Fabaceae,Pedetes,Pedetes capensis,vegetable,97.6
428,Crab,Polytrichaceae,Graspus,Graspus graspus,vegetable,15.97
429,Asiatic wild ass,Fabaceae,Equus,Equus hemionus,vegetable,1.37
430,Stork,Apiaceae,Leptoptilus,Leptoptilus dubius,vegetable,40.02
431,Red deer,Fabaceae,Cervus,Cervus elaphus,vegetable,76.89
432,Bat,Rubiaceae,Megaderma,Megaderma spasma,vegetable,70.55
433,Cockatoo,Thelotremataceae,Cacatua,Cacatua tenuirostris,vegetable,67.79
434,Southern sea lion,Cyperaceae,Otaria,Otaria flavescens,vegetable,29.32
435,Crane,Asteraceae,Anthropoides,Anthropoides paradisea,vegetable,23.07
436,Burmese brown mountain tortoise,Onagraceae,Manouria,Manouria emys,vegetable,88.73
437,Cockatoo,Ranunculaceae,Eolophus,Eolophus roseicapillus,vegetable,8.94
438,Cat,Asteraceae,Paradoxurus,Paradoxurus hermaphroditus,vegetable,89.38
439,Beisa oryx,Porpidiaceae,Oryx,Oryx gazella,vegetable,35.1
440,Painted stork,Polygonaceae,Mycteria,Mycteria leucocephala,vegetable,95.64
441,Dove,Saxifragaceae,Streptopelia,Streptopelia senegalensis,vegetable,92.43
442,Armadillo,Asteraceae,Priodontes,Priodontes maximus,vegetable,79.43
443,Tsessebe,Apiaceae,Damaliscus,Damaliscus lunatus,vegetable,58.4
444,Cockatoo,Cyperaceae,Eolophus,Eolophus roseicapillus,vegetable,95.11
445,Komodo dragon,Poaceae,Varanus,Varanus komodensis,vegetable,36.07
446,Egyptian viper,Polemoniaceae,Naja,Naja haje,vegetable,81.17
447,Mongoose,Sematophyllaceae,Cynictis,Cynictis penicillata,vegetable,4.55
448,Lemur,Violaceae,Lemur,Lemur catta,vegetable,75.03
449,Dragon,Parmeliaceae,Ctenophorus,Ctenophorus ornatus,vegetable,44.72
450,Baboon,Lecanoraceae,Theropithecus,Theropithecus gelada,vegetable,69.44
451,Heron,Goodeniaceae,Butorides,Butorides striatus,vegetable,12.96
452,Wombat,Onagraceae,Vombatus,Vombatus ursinus,vegetable,69.18
453,Buffalo,Solorinellaceae,Bubalus,Bubalus arnee,vegetable,47.79
454,Amazon parrot (unidentified),Fabaceae,Amazona,Amazona sp.,vegetable,59.84
455,Eastern grey kangaroo,Scrophulariaceae,Macropus,Macropus giganteus,vegetable,92.39
456,Constrictor,Xyridaceae,Acrantophis,Acrantophis madagascariensis,vegetable,13.46
457,Southern boubou,Brassicaceae,Laniarius,Laniarius ferrugineus,vegetable,93.19
458,Great skua,Asteraceae,Catharacta,Catharacta skua,vegetable,83.38
459,Heron,Clavariaceae,Ardea,Ardea cinerea,vegetable,84.02
460,Indian red admiral,Fabaceae,Vanessa,Vanessa indica,vegetable,50.12
461,Antechinus,Brassicaceae,Antechinus,Antechinus flavipes,vegetable,18.76
462,Grey heron,Asteraceae,Ardea,Ardea cinerea,vegetable,44.91
463,Yellow-headed caracara,Salicaceae,Milvago,Milvago chimachima,vegetable,24.31
464,Black-fronted bulbul,Oxalidaceae,Pycnonotus,Pycnonotus nigricans,vegetable,79.11
465,Stork,Grossulariaceae,Ciconia,Ciconia episcopus,vegetable,17.35
466,Little brown dove,Fabaceae,Streptopelia,Streptopelia senegalensis,vegetable,95.71
467,Red-knobbed coot,Oleaceae,Fulica,Fulica cristata,vegetable,90.25
468,Elk,Pinaceae,Cervus,Cervus canadensis,vegetable,35.73
469,Quoll,Brassicaceae,Dasyurus,Dasyurus viverrinus,vegetable,96.88
470,Bleu,Asteraceae,Uraeginthus,Uraeginthus bengalus,vegetable,18.49
471,Gull,Verrucariaceae,Larus,Larus novaehollandiae,vegetable,10.5
472,Eastern fox squirrel,Asteraceae,Sciurus,Sciurus niger,vegetable,12.98
473,Asian foreset tortoise,Scrophulariaceae,Manouria,Manouria emys,vegetable,65.19
474,Water moccasin,Solanaceae,Agkistrodon,Agkistrodon piscivorus,vegetable,39.09
475,Deer,Asteraceae,Odocoileus,Odocoileus hemionus,vegetable,54.38
476,Crowned eagle,Asteraceae,Spizaetus,Spizaetus coronatus,vegetable,41.0
477,Cobra,Chenopodiaceae,Naja,Naja nivea,vegetable,57.69
478,Deer,Solanaceae,Cervus,Cervus duvauceli,vegetable,35.7
479,Pintail,Gentianaceae,Anas,Anas bahamensis,vegetable,60.63
480,Superb starling,Poaceae,Lamprotornis,Lamprotornis superbus,vegetable,29.15
481,Black-tailed prairie dog,Violaceae,Cynomys,Cynomys ludovicianus,vegetable,55.35
482,Blesbok,Heliconiaceae,Damaliscus,Damaliscus dorcas,vegetable,69.65
483,Cockatoo,Asteraceae,Eolophus,Eolophus roseicapillus,vegetable,2.82
484,Little cormorant,Fabaceae,Phalacrocorax,Phalacrocorax niger,vegetable,32.75
485,White-rumped vulture,Rosaceae,Gyps,Gyps bengalensis,vegetable,51.72
486,Spotted hyena,Polygonaceae,Crocuta,Crocuta crocuta,vegetable,83.38
487,Frilled dragon,Rosaceae,Chlamydosaurus,Chlamydosaurus kingii,vegetable,20.79
488,Macaque,Rosaceae,Macaca,Macaca fuscata,vegetable,60.58
489,Elk,Melastomataceae,Cervus,Cervus canadensis,vegetable,5.99
490,Gecko,Asteraceae,Cyrtodactylus,Cyrtodactylus louisiadensis,vegetable,2.9
491,Rat,Salicaceae,Echimys,Echimys chrysurus,vegetable,55.24
492,Possum,Acanthaceae,Trichosurus,Trichosurus vulpecula,vegetable,17.15
493,Banded mongoose,Bacidiaceae,Mungos,Mungos mungo,vegetable,71.19
494,African black crake,Primulaceae,Limnocorax,Limnocorax flavirostra,vegetable,2.2
495,Lion,Scrophulariaceae,Felis,Felis concolor,vegetable,56.34
496,Greater rhea,Scrophulariaceae,Rhea,Rhea americana,vegetable,11.13
497,Eastern diamondback rattlesnake,Equisetaceae,Crotalus,Crotalus adamanteus,animal,58.9
498,Snowy owl,Convolvulaceae,Nyctea,Nyctea scandiaca,animal,71.73
499,Australian masked owl,Agyriaceae,Tyto,Tyto novaehollandiae,animal,60.0
500,Dove,Zygophyllaceae,Zenaida,Zenaida galapagoensis,animal,11.62
501,Mourning collared dove,Chenopodiaceae,Streptopelia,Streptopelia decipiens,animal,94.17
502,Bettong,Asteraceae,Bettongia,Bettongia penicillata,animal,64.46
503,African ground squirrel (unidentified),Araceae,Xerus,Xerus sp.,animal,15.14
504,Least chipmunk,Fabaceae,Eutamias,Eutamias minimus,animal,70.31
505,Rat,Lamiaceae,Echimys,Echimys chrysurus,animal,13.31
506,Lion,Iridaceae,Zalophus,Zalophus californicus,animal,56.02
507,Magistrate black colobus,Sphinctrinaceae,Colobus,Colobus guerza,animal,30.65
508,Yellow-bellied marmot,Asteraceae,Marmota,Marmota flaviventris,animal,99.81
509,Red brocket,Pannariaceae,Mazama,Mazama americana,animal,34.85
510,Bustard,Liliaceae,Neotis,Neotis denhami,animal,91.16
511,Shrike,Rosaceae,Laniaurius,Laniaurius atrococcineus,animal,44.75
512,Mynah,Brassicaceae,Acridotheres,Acridotheres tristis,animal,49.21
513,Malachite kingfisher,Asteraceae,Corythornis,Corythornis cristata,animal,3.61
514,Bee-eater,Lamiaceae,Merops,Merops nubicus,animal,70.16
515,Bleu,Rubiaceae,Uraeginthus,Uraeginthus bengalus,animal,58.93
516,Heron,Asteraceae,Ardea,Ardea golieth,animal,6.66
517,Coatimundi,Rhamnaceae,Nasua,Nasua nasua,animal,62.54
518,Western pygmy possum,Araucariaceae,Cercatetus,Cercatetus concinnus,animal,21.0
519,Baboon,Asteraceae,Papio,Papio cynocephalus,animal,53.56
520,Little brown bat,Scrophulariaceae,Myotis,Myotis lucifugus,animal,39.22
521,White-browed sparrow weaver,Asteraceae,Plocepasser,Plocepasser mahali,animal,58.09
522,Monitor lizard (unidentified),Apiaceae,Varanus,Varanus sp.,animal,48.92
523,Hornbill,Hydrangeaceae,Tockus,Tockus erythrorhyncus,animal,63.82
524,Long-billed cockatoo,Lecanoraceae,Cacatua,Cacatua tenuirostris,animal,87.77
525,Deer,Teloschistaceae,Odocoileus,Odocoileus hemionus,animal,72.87
526,Pheasant,Asclepiadaceae,Phasianus,Phasianus colchicus,animal,91.8
527,Lizard,Asteraceae,Chlamydosaurus,Chlamydosaurus kingii,animal,68.75
528,Seal,Apocynaceae,Phoca,Phoca vitulina,animal,8.41
529,Malay squirrel (unidentified),Fabaceae,unavailable,unavailable,animal,83.1
530,Heron,Brachytheciaceae,Butorides,Butorides striatus,animal,69.24
531,African clawless otter,Rutaceae,Aonyx,Aonyx capensis,animal,16.21
532,Buffalo,Cyperaceae,Bison,Bison bison,animal,91.03
533,Deer,Scrophulariaceae,Cervus,Cervus duvauceli,animal,46.4
534,Fox,Boraginaceae,Alopex,Alopex lagopus,animal,92.46
535,Great horned owl,Rosaceae,Bubo,Bubo virginianus,animal,69.94
536,Peccary,Rosaceae,Tayassu,Tayassu pecari,animal,45.87
537,Macaque,Euphorbiaceae,Macaca,Macaca fuscata,animal,55.94
538,Crake,Chenopodiaceae,Limnocorax,Limnocorax flavirostra,animal,83.97
539,Blue racer,Poaceae,Coluber,Coluber constrictor foxii,animal,58.41
540,Dog,Poaceae,Speothos,Speothos vanaticus,animal,26.67
541,Red hartebeest,Verrucariaceae,Alcelaphus,Alcelaphus buselaphus caama,animal,65.62
542,Secretary bird,Onagraceae,Sagittarius,Sagittarius serpentarius,animal,5.56
543,Hedgehog,Orchidaceae,Erinaceus,Erinaceus frontalis,animal,40.12
544,European wild cat,Hydrophyllaceae,Felis,Felis silvestris lybica,animal,85.8
545,Racer,Poaceae,Coluber,Coluber constrictor,animal,21.84
546,Kangaroo,Cyperaceae,Macropus,Macropus agilis,animal,93.99
547,Wallaby,Boraginaceae,Macropus,Macropus robustus,animal,72.99
548,Cat,Fabaceae,Paradoxurus,Paradoxurus hermaphroditus,animal,36.27
549,Eland,Salicaceae,Taurotagus,Taurotagus oryx,animal,3.8
550,Wallaroo,Moraceae,Macropus,Macropus robustus,animal,55.12
551,Tiger cat,Anacardiaceae,Dasyurus,Dasyurus maculatus,animal,32.4
552,Lion,Liliaceae,Otaria,Otaria flavescens,animal,34.43
553,Python,Ericaceae,Morelia,Morelia spilotes variegata,animal,80.69
554,White-throated monitor,Santalaceae,Varanus,Varanus albigularis,animal,65.05
555,Tortoise,Asteraceae,Gopherus,Gopherus agassizii,animal,59.89
556,Meerkat,Violaceae,Cynictis,Cynictis penicillata,animal,80.13
557,Pigeon,Asteraceae,Columba,Columba livia,animal,56.39
558,Asian lion,Fabaceae,Panthera,Panthera leo persica,animal,15.04
559,Cottonmouth,Asteraceae,Agkistrodon,Agkistrodon piscivorus,animal,13.69
560,Raccoon,Rutaceae,Procyon,Procyon cancrivorus,animal,79.87
561,Red-billed hornbill,Stereocaulaceae,Tockus,Tockus erythrorhyncus,animal,4.61
562,Osprey,Polygonaceae,Pandon,Pandon haliaetus,animal,21.55
563,Blue catfish,Papaveraceae,Ictalurus,Ictalurus furcatus,animal,68.59
564,Crane,Porpidiaceae,Bugeranus,Bugeranus caruncalatus,animal,87.33
565,Four-horned antelope,Polygonaceae,Tetracerus,Tetracerus quadricornis,animal,74.25
566,Dragon,Flacourtiaceae,Physignathus,Physignathus cocincinus,animal,84.29
567,Ibis,Asteraceae,Plegadis,Plegadis falcinellus,animal,9.55
568,Badger,Salicaceae,Meles,Meles meles,animal,38.4
569,Burchell's gonolek,Poaceae,Laniaurius,Laniaurius atrococcineus,animal,67.89
570,Pale-throated three-toed sloth,Malvaceae,Bradypus,Bradypus tridactylus,animal,63.13
571,Skua,Brassicaceae,Catharacta,Catharacta skua,animal,95.07
572,Robin,Juncaceae,Irania,Irania gutteralis,animal,78.06
573,Bushbaby,Parmeliaceae,Galago,Galago crassicaudataus,animal,16.05
574,Ring dove,Fabaceae,Columba,Columba palumbus,animal,83.95
575,Tortoise,Asteraceae,Geochelone,Geochelone elephantopus,animal,91.39
576,Red howler monkey,Cactaceae,Alouatta,Alouatta seniculus,animal,2.05
577,Civet (unidentified),Fabaceae,unavailable,unavailable,animal,4.56
578,Gemsbok,Cactaceae,Oryx,Oryx gazella,animal,68.59
579,Gaur,Verbenaceae,Bos,Bos frontalis,animal,59.65
580,Ringtail,Saxifragaceae,Bassariscus,Bassariscus astutus,animal,34.78
581,Creeper,Chenopodiaceae,Climacteris,Climacteris melanura,animal,32.26
582,Deer,Verbenaceae,Odocoilenaus,Odocoilenaus virginianus,animal,47.99
583,Oryx,Fabaceae,Oryx,Oryx gazella callotis,animal,82.75
584,Superb starling,Fabaceae,Lamprotornis,Lamprotornis superbus,animal,60.49
585,Fowl,Myrtaceae,Numida,Numida meleagris,animal,2.27
586,Pie,Liliaceae,Dendrocitta,Dendrocitta vagabunda,animal,55.82
587,Neotropic cormorant,Asteraceae,Phalacrocorax,Phalacrocorax brasilianus,animal,87.33
588,Leopard,Asteraceae,Panthera,Panthera pardus,animal,71.95
589,Pygmy possum,Euphorbiaceae,Acrobates,Acrobates pygmaeus,animal,36.65
590,Bear,Amaranthaceae,Melursus,Melursus ursinus,animal,33.82
591,Puku,Brassicaceae,Kobus,Kobus vardonii vardoni,animal,64.83
592,Skua,Scrophulariaceae,Catharacta,Catharacta skua,animal,43.82
593,Small-clawed otter,Asteraceae,Aonyx,Aonyx cinerea,animal,76.61
594,Ibis,Euphorbiaceae,Threskionis,Threskionis aethiopicus,animal,1.92
595,Falcon,Physciaceae,Falco,Falco mexicanus,animal,44.67
596,Glider,Cactaceae,Petaurus,Petaurus norfolcensis,animal,77.93
597,Rock dove,Fabaceae,Columba,Columba livia,animal,23.13
598,Mongoose,Scrophulariaceae,Herpestes,Herpestes javanicus,animal,9.11
599,Pied butcher bird,Berberidaceae,Cracticus,Cracticus nigroagularis,animal,51.03
600,Tapir,Cuscutaceae,Tapirus,Tapirus terrestris,animal,12.27
601,Gnu,Asteraceae,Connochaetus,Connochaetus taurinus,animal,65.02
602,Yellow-throated sandgrouse,Apiaceae,Pterocles,Pterocles gutturalis,animal,82.02
603,Butterfly,Asteraceae,Papilio,Papilio canadensis,animal,78.5
604,Whale,Onagraceae,Orcinus,Orcinus orca,animal,18.15
605,Monitor lizard (unidentified),Meliaceae,Varanus,Varanus sp.,animal,67.97
606,Blue wildebeest,Hydrophyllaceae,Connochaetus,Connochaetus taurinus,animal,40.96
607,White-tailed deer,Physciaceae,Odocoilenaus,Odocoilenaus virginianus,animal,10.65
608,Giant girdled lizard,Orchidaceae,Cordylus,Cordylus giganteus,animal,34.31
609,Carmine bee-eater,Biatorellaceae,Merops,Merops nubicus,animal,80.86
610,Silver-backed fox,Brassicaceae,Vulpes,Vulpes chama,animal,54.42
611,Sidewinder,Cuscutaceae,Crotalus,Crotalus cerastes,animal,39.53
612,Steller sea lion,Orobanchaceae,Eumetopias,Eumetopias jubatus,animal,35.18
613,Mongoose,Poaceae,Helogale,Helogale undulata,animal,71.46
614,Goliath heron,Apiaceae,Ardea,Ardea golieth,animal,53.43
615,Kingfisher,Cupressaceae,Halcyon,Halcyon smyrnesis,animal,37.2
616,Frogmouth,Liliaceae,Podargus,Podargus strigoides,animal,87.14
617,Darwin ground finch (unidentified),Cyperaceae,Geospiza,Geospiza sp.,animal,26.51
618,Cottonmouth,Fagaceae,Agkistrodon,Agkistrodon piscivorus,animal,61.91
619,Pelican,Commelinaceae,Pelecans,Pelecans onocratalus,animal,36.14
620,Wallaby,Ulmaceae,Macropus,Macropus rufogriseus,animal,9.79
621,Hoffman's sloth,Viscaceae,Choloepus,Choloepus hoffmani,animal,93.59
622,Tortoise,Dryopteridaceae,Manouria,Manouria emys,animal,62.26
623,Dove,Cyperaceae,Streptopelia,Streptopelia senegalensis,animal,40.76
624,Red-breasted nuthatch,Asteraceae,Sitta,Sitta canadensis,animal,83.59
625,Black-fronted bulbul,Orchidaceae,Pycnonotus,Pycnonotus nigricans,animal,55.65
626,Squirrel,Scrophulariaceae,Paraxerus,Paraxerus cepapi,animal,12.43
627,Indian peacock,Cyperaceae,Pavo,Pavo cristatus,animal,99.13
628,Painted stork,Onagraceae,Mycteria,Mycteria leucocephala,animal,3.61
629,Eastern white pelican,Orchidaceae,Pelecans,Pelecans onocratalus,animal,13.32
630,Yellow baboon,Cyperaceae,Papio,Papio cynocephalus,animal,28.12
631,Vervet monkey,Euphorbiaceae,Cercopithecus,Cercopithecus aethiops,animal,55.64
632,Baboon,Pterigynandraceae,Papio,Papio ursinus,animal,25.73
633,Whale,Apiaceae,Globicephala,Globicephala melas,animal,93.05
634,Robin,Lythraceae,Irania,Irania gutteralis,animal,45.54
635,Rat,Grimmiaceae,Echimys,Echimys chrysurus,animal,17.12
636,Chickadee,Apiaceae,Parus,Parus atricapillus,animal,88.86
637,Bulbul,Salicaceae,Pycnonotus,Pycnonotus nigricans,animal,71.03
638,Tarantula,Asteraceae,Lasiodora,Lasiodora parahybana,animal,25.13
639,Elephant,Collemataceae,Loxodonta,Loxodonta africana,animal,32.21
640,Sungazer,Commelinaceae,Cordylus,Cordylus giganteus,animal,87.62
641,Legaan,Polygonaceae,Varanus,Varanus sp.,animal,8.5
642,Boar,Gentianaceae,Sus,Sus scrofa,animal,29.48
643,Goose,Onagraceae,Sarkidornis,Sarkidornis melanotos,animal,22.04
644,Brazilian tapir,Zygophyllaceae,Tapirus,Tapirus terrestris,animal,87.98
645,Tasmanian devil,Saxifragaceae,Sarcophilus,Sarcophilus harrisii,animal,80.37
646,Waterbuck,Boraginaceae,Kobus,Kobus defassa,animal,73.3
647,Penguin,Asteraceae,Eudyptula,Eudyptula minor,animal,20.06
648,Cormorant,Fabaceae,Phalacrocorax,Phalacrocorax albiventer,animal,24.18
649,Brush-tailed bettong,Polygonaceae,Bettongia,Bettongia penicillata,animal,60.76
650,Black-backed jackal,Ranunculaceae,Canis,Canis mesomelas,animal,77.63
651,Stork,Asteraceae,Ciconia,Ciconia ciconia,animal,45.43
652,Comb duck,Asteraceae,Sarkidornis,Sarkidornis melanotos,animal,67.28
653,Roller,Asteraceae,Coracias,Coracias caudata,animal,15.72
654,Cheetah,Asteraceae,Acinynox,Acinynox jubatus,animal,58.56
655,Squirrel,Malvaceae,Paraxerus,Paraxerus cepapi,animal,5.18
656,Asian false vampire bat,Nymphaeaceae,Megaderma,Megaderma spasma,animal,13.81
657,Golden jackal,Asteraceae,Canis,Canis aureus,animal,56.71
658,Frog (unidentified),Scrophulariaceae,Rana,Rana sp.,animal,67.7
659,Goose,Saururaceae,Sarkidornis,Sarkidornis melanotos,animal,9.47
660,Crane,Saxifragaceae,Grus,Grus canadensis,animal,7.04
661,Pygmy possum,Onagraceae,Acrobates,Acrobates pygmaeus,animal,66.47
662,Hartebeest,Euphorbiaceae,Alcelaphus,Alcelaphus buselaphus cokii,animal,50.88
663,Booby,Poaceae,Sula,Sula dactylatra,animal,98.43
664,Dove,Fabaceae,Columba,Columba palumbus,animal,45.33
665,Boa,Salicaceae,Acrantophis,Acrantophis madagascariensis,animal,59.22
666,Common eland,Ranunculaceae,Taurotagus,Taurotagus oryx,animal,4.77
667,Iguana,Hymeneliaceae,Conolophus,Conolophus subcristatus,animal,98.3
668,North American beaver,Convolvulaceae,Castor,Castor canadensis,animal,12.83
669,Greater adjutant stork,Portulacaceae,Leptoptilus,Leptoptilus dubius,animal,49.63
670,Lion,Rutaceae,Eumetopias,Eumetopias jubatus,animal,57.82
671,Spotted-tailed quoll,Parmeliaceae,Dasyurus,Dasyurus maculatus,animal,74.55
672,European spoonbill,Lamiaceae,Platalea,Platalea leucordia,animal,22.47
673,Snowy owl,Liliaceae,Nyctea,Nyctea scandiaca,animal,59.79
674,Lion,Cyperaceae,Eumetopias,Eumetopias jubatus,animal,94.98
675,Crested screamer,Caprifoliaceae,Chauna,Chauna torquata,animal,25.75
676,Lilac-breasted roller,Chenopodiaceae,Coracias,Coracias caudata,animal,43.21
677,Weaver,Brassicaceae,Philetairus,Philetairus socius,animal,79.64
678,Grey-footed squirrel,Lamiaceae,Paraxerus,Paraxerus cepapi,animal,41.5
679,Black vulture,Aceraceae,Aegypius,Aegypius tracheliotus,animal,42.59
680,Feral rock pigeon,Cyperaceae,Columba,Columba livia,animal,42.85
681,Little blue penguin,Violaceae,Eudyptula,Eudyptula minor,animal,39.99
682,Groundhog,Cuscutaceae,Marmota,Marmota monax,animal,20.16
683,Salmon pink bird eater tarantula,Cyperaceae,Lasiodora,Lasiodora parahybana,animal,18.88
684,Eurasian beaver,Hydrophyllaceae,Castor,Castor fiber,animal,94.77
685,Four-horned antelope,Teloschistaceae,Tetracerus,Tetracerus quadricornis,animal,60.61
686,Colobus,Fagaceae,Colobus,Colobus guerza,animal,1.14
687,Black bear,Polygonaceae,Ursus,Ursus americanus,animal,15.03
688,Sheep,Asteraceae,Ovis,Ovis ammon,animal,40.54
689,Jackal,Juncaceae,Canis,Canis mesomelas,animal,46.04
690,Barrows goldeneye,Scrophulariaceae,Bucephala,Bucephala clangula,animal,9.59
691,Western palm tanager (unidentified),Orthotrichaceae,unavailable,unavailable,animal,44.25
692,Cormorant (unidentified),Tiliaceae,unavailable,unavailable,animal,97.58
693,Manatee,Onagraceae,Trichechus,Trichechus inunguis,animal,69.91
694,Phalarope,Lecideaceae,Phalaropus,Phalaropus lobatus,animal,74.97
695,Gray heron,Malvaceae,Ardea,Ardea cinerea,animal,97.12
696,Eland,Cucurbitaceae,Taurotagus,Taurotagus oryx,animal,32.02
697,Stork,Fabaceae,Ciconia,Ciconia ciconia,animal,79.44
698,American alligator,Fabaceae,Alligator,Alligator mississippiensis,animal,2.44
699,Turkey,Campanulaceae,Alectura,Alectura lathami,animal,28.27
700,Mudskipper (unidentified),Fabaceae,unavailable,unavailable,animal,3.99
701,Indian leopard,Onagraceae,Panthera,Panthera pardus,animal,47.93
702,Openbill stork,Scrophulariaceae,Anastomus,Anastomus oscitans,vegetable,99.26
703,Sociable weaver,Cucurbitaceae,Philetairus,Philetairus socius,animal,11.35
704,Common pheasant,Capparaceae,Phasianus,Phasianus colchicus,animal,12.18
705,Screamer,Asteraceae,Chauna,Chauna torquata,vegetable,25.11
706,Squirrel,Fabaceae,Paraxerus,Paraxerus cepapi,animal,32.05
707,Hawk,Euphorbiaceae,Buteo,Buteo jamaicensis,vegetable,26.73
708,Common goldeneye,Cucurbitaceae,Bucephala,Bucephala clangula,animal,95.24
709,Prairie falcon,Boraginaceae,Falco,Falco mexicanus,animal,99.21
710,Gerbil (unidentified),Asteraceae,Gerbillus,Gerbillus sp.,vegetable,99.62
711,Yak,Sphinctrinaceae,Bos,Bos mutus,vegetable,7.48
712,Hoffman's sloth,Polygonaceae,Choloepus,Choloepus hoffmani,vegetable,95.65
713,Blacksmith plover,Fabaceae,Vanellus,Vanellus armatus,vegetable,75.78
714,Red phalarope,Fabaceae,Phalaropus,Phalaropus fulicarius,vegetable,57.25
715,Grison,Combretaceae,Galictis,Galictis vittata,animal,6.49
716,Antechinus,Scrophulariaceae,Antechinus,Antechinus flavipes,vegetable,27.75
717,African clawless otter,Asteraceae,Aonyx,Aonyx capensis,animal,63.72
718,Vulture,Boraginaceae,Sarcorhamphus,Sarcorhamphus papa,vegetable,59.63
719,Coyote,Orchidaceae,Canis,Canis latrans,animal,10.23
720,African skink,Boraginaceae,Mabuya,Mabuya spilogaster,vegetable,52.97
721,Galapagos hawk,Cyperaceae,Buteo,Buteo galapagoensis,vegetable,83.07
722,Smith's bush squirrel,Parmeliaceae,Paraxerus,Paraxerus cepapi,vegetable,49.51
723,Greater blue-eared starling,Poaceae,Lamprotornis,Lamprotornis chalybaeus,animal,84.83
724,Alligator,Styracaceae,Alligator,Alligator mississippiensis,vegetable,89.48
725,Red deer,Strigulaceae,Cervus,Cervus elaphus,animal,5.99
726,Grenadier,Fabaceae,Uraeginthus,Uraeginthus granatina,vegetable,97.33
727,Mandras tree shrew,Fagaceae,Anathana,Anathana ellioti,animal,86.56
728,Bear,Scrophulariaceae,Ursus,Ursus arctos,vegetable,64.92
729,Urial,Cactaceae,Ovis,Ovis orientalis,animal,63.17
730,Leadbeateri's ground hornbill,Rosaceae,Bucorvus,Bucorvus leadbeateri,animal,1.62
731,Ibis,Parmeliaceae,Threskionis,Threskionis aethiopicus,vegetable,93.47
732,Cliffchat,Hydrophyllaceae,Thamnolaea,Thamnolaea cinnmomeiventris,vegetable,14.74
733,Asiatic jackal,Amaranthaceae,Canis,Canis aureus,animal,32.26
734,Common boubou shrike,Cyperaceae,Laniarius,Laniarius ferrugineus,vegetable,87.02
735,Eurasian hoopoe,Pertusariaceae,Upupa,Upupa epops,animal,9.26
736,Stork,Xyridaceae,Ciconia,Ciconia episcopus,vegetable,73.91
737,Madagascar fruit bat,Anacardiaceae,Pteropus,Pteropus rufus,vegetable,44.23
738,Gecko,Violaceae,Cyrtodactylus,Cyrtodactylus louisiadensis,animal,41.51
739,Squirrel,Caryophyllaceae,Tamiasciurus,Tamiasciurus hudsonicus,animal,95.52
740,Burrowing owl,Fagaceae,Speotyte,Speotyte cuniculata,animal,82.98
741,Kalahari scrub robin,Caryophyllaceae,Certotrichas,Certotrichas paena,animal,55.25
742,Tammar wallaby,Sterculiaceae,Macropus,Macropus eugenii,animal,54.4
743,Monkey,Brassicaceae,Theropithecus,Theropithecus gelada,vegetable,52.66
744,Japanese macaque,Cistaceae,Macaca,Macaca fuscata,vegetable,96.99
745,Field flicker,Hydrophyllaceae,Colaptes,Colaptes campestroides,animal,52.17
746,Mouse,Onagraceae,Rhabdomys,Rhabdomys pumilio,vegetable,77.08
747,Hoopoe,Teloschistaceae,Upupa,Upupa epops,vegetable,40.24
748,African wild cat,Verbenaceae,Felis,Felis silvestris lybica,animal,57.05
749,Great white pelican,Ephedraceae,Pelecans,Pelecans onocratalus,animal,58.79
750,Ring-tailed possum,Apocynaceae,Pseudocheirus,Pseudocheirus peregrinus,animal,36.21
751,Falcon,Cupressaceae,Falco,Falco peregrinus,vegetable,79.29
752,Ant (unidentified),Arecaceae,unavailable,unavailable,vegetable,15.88
753,Vulture,Pinaceae,Sarcorhamphus,Sarcorhamphus papa,animal,76.8
754,Buffalo,Onagraceae,Bison,Bison bison,vegetable,12.88
755,American woodcock,Fabaceae,Scolopax,Scolopax minor,vegetable,90.92
756,Roseat flamingo,Hydrophyllaceae,Phoenicopterus,Phoenicopterus ruber,animal,92.52
757,Mongoose,Orchidaceae,Mungos,Mungos mungo,animal,24.41
758,Moorhen,Poaceae,Porphyrio,Porphyrio porphyrio,vegetable,80.54
759,Tiger,Myrtaceae,Panthera,Panthera tigris,animal,63.05
760,White stork,Oleaceae,Ciconia,Ciconia ciconia,vegetable,68.46
761,Dunnart,Physciaceae,Smithopsis,Smithopsis crassicaudata,animal,78.7
762,Turaco,Agavaceae,Tauraco,Tauraco porphyrelophus,animal,39.75
763,Dog,Rosaceae,Nyctereutes,Nyctereutes procyonoides,animal,80.9
764,Zorro,Caprifoliaceae,Dusicyon,Dusicyon thous,animal,23.47
765,Serval,Euphorbiaceae,Felis,Felis serval,vegetable,28.94
766,Squirrel,Fabaceae,Tamiasciurus,Tamiasciurus hudsonicus,animal,39.5
767,Blue and yellow macaw,Saxifragaceae,Ara,Ara ararauna,vegetable,58.64
768,Salmon pink bird eater tarantula,Cyperaceae,Lasiodora,Lasiodora parahybana,animal,24.35
769,Adouri (unidentified),Cyperaceae,unavailable,unavailable,vegetable,15.91
770,Meerkat,Verrucariaceae,Cynictis,Cynictis penicillata,vegetable,26.45
771,Jaguarundi,Ranunculaceae,Felis,Felis yagouaroundi,vegetable,90.43
772,Tenrec,Hydrophyllaceae,Tenrec,Tenrec ecaudatus,animal,96.39
773,Squirrel,Onagraceae,Spermophilus,Spermophilus tridecemlineatus,animal,56.36
774,California sea lion,Sphenocleaceae,Zalophus,Zalophus californicus,animal,64.25
775,Pine siskin,Selaginellaceae,Carduelis,Carduelis pinus,vegetable,91.46
776,Sloth,Sarraceniaceae,Choloepus,Choloepus hoffmani,animal,23.99
777,Greater flamingo,Verrucariaceae,Phoenicopterus,Phoenicopterus ruber,vegetable,74.33
778,Huron,Scrophulariaceae,Galictis,Galictis vittata,animal,26.82
779,Tasmanian devil,Hypnaceae,Sarcophilus,Sarcophilus harrisii,animal,45.1
780,Fox,Arthopyreniaceae,Vulpes,Vulpes vulpes,animal,46.73
781,Small-spotted genet,Nyctaginaceae,Genetta,Genetta genetta,vegetable,62.43
782,Nuthatch,Calymperaceae,Sitta,Sitta canadensis,vegetable,49.04
783,Macaque,Cladoniaceae,Macaca,Macaca nemestrina,vegetable,42.26
784,Crab (unidentified),Polemoniaceae,unavailable,unavailable,vegetable,3.74
785,Badger,Selaginellaceae,Meles,Meles meles,animal,95.67
786,Cliffchat,Fabaceae,Thamnolaea,Thamnolaea cinnmomeiventris,vegetable,55.57
787,Wallaby,Haloragaceae,Macropus,Macropus agilis,vegetable,55.76
788,Vine snake (unidentified),Fabaceae,Oxybelis,Oxybelis sp.,animal,76.73
789,Kalahari scrub robin,Berberidaceae,Certotrichas,Certotrichas paena,vegetable,64.1
790,Small-clawed otter,Onagraceae,Aonyx,Aonyx cinerea,vegetable,26.91
791,Owl,Melastomataceae,Ninox,Ninox superciliaris,vegetable,72.0
792,Rattlesnake,Asteraceae,Crotalus,Crotalus adamanteus,vegetable,61.36
793,Madagascar fruit bat,Brassicaceae,Pteropus,Pteropus rufus,animal,17.24
794,Mexican beaded lizard,Piperaceae,Heloderma,Heloderma horridum,animal,70.28
795,Masked booby,Ranunculaceae,Sula,Sula dactylatra,animal,64.52
796,Southern screamer,Chenopodiaceae,Chauna,Chauna torquata,animal,74.43
797,Australian brush turkey,Papaveraceae,Alectura,Alectura lathami,animal,1.55
798,Seal,Asteraceae,Callorhinus,Callorhinus ursinus,vegetable,35.27
799,Boa,Bignoniaceae,Boa,Boa constrictor mexicana,vegetable,94.75
800,Boar,Dicranaceae,Sus,Sus scrofa,vegetable,58.85
801,Buffalo,Grossulariaceae,Snycerus,Snycerus caffer,vegetable,80.71
802,Goose,Lamiaceae,Chloephaga,Chloephaga melanoptera,animal,31.95
803,Desert spiny lizard,Portulacaceae,Sceloporus,Sceloporus magister,vegetable,15.07
804,Tasmanian devil,Callicostaceae,Sarcophilus,Sarcophilus harrisii,animal,45.49
805,Hornbill,Poaceae,Tockus,Tockus flavirostris,animal,30.41
806,Snowy owl,Thymelaeaceae,Nyctea,Nyctea scandiaca,animal,28.76
807,Waterbuck,Parmeliaceae,Kobus,Kobus defassa,animal,9.6
808,Blue-footed booby,Monotropaceae,Sula,Sula nebouxii,vegetable,80.78
809,Frilled lizard,Asteraceae,Chlamydosaurus,Chlamydosaurus kingii,animal,3.43
810,Puma,Marantaceae,Felis,Felis concolor,vegetable,29.62
811,Coke's hartebeest,Poaceae,Alcelaphus,Alcelaphus buselaphus cokii,animal,94.88
812,Heron,Poaceae,Ardea,Ardea cinerea,vegetable,50.11
813,Barrows goldeneye,Loasaceae,Bucephala,Bucephala clangula,vegetable,82.4
814,Lizard,Boraginaceae,Cordylus,Cordylus giganteus,vegetable,90.01
815,Lion,Acanthaceae,Zalophus,Zalophus californicus,animal,82.83
816,Gambel's quail,Seligeriaceae,Callipepla,Callipepla gambelii,animal,60.49
817,Crested porcupine,Violaceae,Hystrix,Hystrix cristata,vegetable,41.03
818,Squirrel glider,Polemoniaceae,Petaurus,Petaurus norfolcensis,animal,10.82
819,Levaillant's barbet,Cyperaceae,Trachyphonus,Trachyphonus vaillantii,vegetable,43.77
820,Brown lemur,Cyperaceae,Lemur,Lemur fulvus,animal,42.38
821,Lion,Asteraceae,Eumetopias,Eumetopias jubatus,vegetable,11.81
822,Vulture,Asteraceae,Aegypius,Aegypius occipitalis,vegetable,60.27
823,Emu,Grammitidaceae,Dromaeus,Dromaeus novaehollandiae,vegetable,19.3
824,Mississippi alligator,Cyperaceae,Alligator,Alligator mississippiensis,vegetable,99.36
825,Red-billed toucan,Amaranthaceae,Ramphastos,Ramphastos tucanus,vegetable,98.67
826,Lizard,Cactaceae,Tiliqua,Tiliqua scincoides,vegetable,58.13
827,American racer,Verrucariaceae,Coluber,Coluber constrictor,animal,25.28
828,Porcupine,Platanaceae,Hystrix,Hystrix indica,vegetable,99.85
829,Black-faced kangaroo,Ranunculaceae,Macropus,Macropus fuliginosus,animal,76.01
830,Possum,Parmeliaceae,Pseudocheirus,Pseudocheirus peregrinus,vegetable,31.78
831,Monitor,Calymperaceae,Varanus,Varanus salvator,vegetable,10.16
832,Beaver,Scrophulariaceae,Castor,Castor canadensis,animal,29.33
833,Blue wildebeest,Euphorbiaceae,Connochaetus,Connochaetus taurinus,vegetable,42.88
834,Euro wallaby,Fabaceae,Macropus,Macropus robustus,animal,67.03
835,African buffalo,Rosaceae,Snycerus,Snycerus caffer,vegetable,28.6
836,Platypus,Hypnaceae,Ornithorhynchus,Ornithorhynchus anatinus,vegetable,68.25
837,Dove,Passifloraceae,Columba,Columba palumbus,vegetable,66.41
838,Common turkey,Verrucariaceae,Meleagris,Meleagris gallopavo,animal,60.47
839,Cockatoo,Physciaceae,Eolophus,Eolophus roseicapillus,animal,63.1
840,Glider,Ranunculaceae,Petaurus,Petaurus breviceps,vegetable,72.42
841,Common boubou shrike,Grimmiaceae,Laniarius,Laniarius ferrugineus,animal,91.95
842,Waxbill,Polygonaceae,Uraeginthus,Uraeginthus granatina,vegetable,2.8
843,Weaver,Splachnaceae,Philetairus,Philetairus socius,animal,62.79
844,Boa,Scrophulariaceae,Corallus,Corallus hortulanus cooki,animal,22.65
845,Eleven-banded armadillo (unidentified),Polygonaceae,Cabassous,Cabassous sp.,animal,4.18
846,Crane,Scrophulariaceae,Grus,Grus canadensis,vegetable,48.65
847,Black vulture,Hydrophyllaceae,Aegypius,Aegypius tracheliotus,animal,65.12
848,Bennett's wallaby,Poaceae,Macropus,Macropus rufogriseus,animal,57.16
849,Woylie,Rosaceae,Bettongia,Bettongia penicillata,vegetable,35.9
850,Heron,Solanaceae,Nycticorax,Nycticorax nycticorax,vegetable,20.64
851,Black-crowned crane,Sphagnaceae,Balearica,Balearica pavonina,animal,55.91
852,Little brown dove,Euphorbiaceae,Streptopelia,Streptopelia senegalensis,animal,23.48
853,Nighthawk,Catillariaceae,Chordeiles,Chordeiles minor,vegetable,3.21
854,Buffalo,Asteraceae,Snycerus,Snycerus caffer,vegetable,4.64
855,Bandicoot,Orchidaceae,Isoodon,Isoodon obesulus,vegetable,74.28
856,Australian sea lion,Araliaceae,Neophoca,Neophoca cinerea,vegetable,47.02
857,Crane,Nyctaginaceae,Grus,Grus canadensis,vegetable,98.25
858,Eastern dwarf mongoose,Dryopteridaceae,Helogale,Helogale undulata,animal,44.32
859,Emu,Hydrophyllaceae,Dromaeus,Dromaeus novaehollandiae,animal,37.21
860,Screamer,Orchidaceae,Chauna,Chauna torquata,animal,69.98
861,Tasmanian devil,Cyperaceae,Sarcophilus,Sarcophilus harrisii,animal,42.76
862,Otter,Ranunculaceae,Aonyx,Aonyx cinerea,animal,7.62
863,Common goldeneye,Apiaceae,Bucephala,Bucephala clangula,vegetable,20.55
864,Tiger,Mniaceae,Panthera,Panthera tigris,animal,78.37
865,Badger,Rosaceae,Meles,Meles meles,vegetable,60.01
866,Butterfly,Asteraceae,Papilio,Papilio canadensis,animal,71.72
867,White-tailed deer,Ericaceae,Odocoilenaus,Odocoilenaus virginianus,animal,80.87
868,Colobus,Poaceae,Colobus,Colobus guerza,animal,26.01
869,Sportive lemur,Burseraceae,Lepilemur,Lepilemur rufescens,vegetable,90.44
870,Mongoose,Agavaceae,Cynictis,Cynictis penicillata,animal,8.46
871,Kongoni,Thuidiaceae,Alcelaphus,Alcelaphus buselaphus cokii,animal,22.01
872,Steller sea lion,Scrophulariaceae,Eumetopias,Eumetopias jubatus,animal,12.98
873,Waterbuck,Parmeliaceae,Kobus,Kobus defassa,vegetable,47.91
874,Coyote,Asteraceae,Canis,Canis latrans,animal,30.84
875,Greater rhea,Asteraceae,Rhea,Rhea americana,vegetable,68.35
876,Meerkat,Collemataceae,Suricata,Suricata suricatta,animal,16.15
877,Gulls (unidentified),Poaceae,Larus,Larus sp.,vegetable,93.67
878,Turtle,Fabaceae,Chelodina,Chelodina longicollis,vegetable,15.56
879,Red-breasted cockatoo,Liliaceae,Eolophus,Eolophus roseicapillus,animal,12.55
880,Green heron,Polygonaceae,Butorides,Butorides striatus,vegetable,67.01
881,Beaver,Vittariaceae,Castor,Castor fiber,animal,9.66
882,Red-winged hawk (unidentified),Clusiaceae,unavailable,unavailable,vegetable,13.63
883,Barbet,Orthotrichaceae,Trachyphonus,Trachyphonus vaillantii,vegetable,52.59
884,Frog (unidentified),Fabaceae,Rana,Rana sp.,animal,96.52
885,Deer,Primulaceae,Cervus,Cervus duvauceli,animal,55.25
886,Black-throated butcher bird,Asclepiadaceae,Cracticus,Cracticus nigroagularis,animal,42.79
887,Sparrow,Cucurbitaceae,Passer,Passer domesticus,vegetable,75.07
888,Wombat,Parmeliaceae,Vombatus,Vombatus ursinus,animal,55.98
889,Asian red fox,Nyctaginaceae,Vulpes,Vulpes vulpes,animal,14.09
890,Glider,Boraginaceae,Petaurus,Petaurus norfolcensis,vegetable,90.22
891,Heron,Myrtaceae,Ardea,Ardea cinerea,animal,22.73
892,Vulture,Aloaceae,Gyps,Gyps bengalensis,animal,58.6
893,Western patch-nosed snake,Acarosporaceae,Salvadora,Salvadora hexalepis,animal,26.4
894,Deer,Onagraceae,Cervus,Cervus duvauceli,vegetable,93.98
895,Phascogale,Polygonaceae,Phascogale,Phascogale tapoatafa,animal,25.86
896,Turkey,Isoetaceae,Meleagris,Meleagris gallopavo,vegetable,53.42
897,Grizzly bear,Fabaceae,Ursus,Ursus arctos,animal,13.42
898,Pheasant,Acanthaceae,Phasianus,Phasianus colchicus,vegetable,52.16
899,Porcupine,Papaveraceae,Hystrix,Hystrix indica,vegetable,66.88
900,Plover,Myrtaceae,Vanellus,Vanellus armatus,vegetable,20.36
901,Crested barbet,Fabaceae,Trachyphonus,Trachyphonus vaillantii,vegetable,75.03
902,European shelduck,Verrucariaceae,Tadorna,Tadorna tadorna,animal,92.39
903,Emu,Tiliaceae,Dromaeus,Dromaeus novaehollandiae,animal,61.08
904,Turkey,Lythraceae,Meleagris,Meleagris gallopavo,vegetable,50.13
905,Yellow-crowned night heron,Brachytheciaceae,Nyctanassa,Nyctanassa violacea,animal,82.47
906,Eurasian hoopoe,Scrophulariaceae,Upupa,Upupa epops,vegetable,17.04
907,Lizard,Rubiaceae,Sceloporus,Sceloporus magister,vegetable,43.47
908,Peccary,Physciaceae,Tayassu,Tayassu tajacu,vegetable,86.81
909,White-browed owl,Araliaceae,Ninox,Ninox superciliaris,vegetable,39.53
910,White-rumped vulture,Asteraceae,Gyps,Gyps bengalensis,vegetable,29.67
911,Leopard,Lamiaceae,Panthera,Panthera pardus,animal,91.07
912,Indian jackal,Scrophulariaceae,Canis,Canis aureus,animal,2.97
913,Common seal,Scrophulariaceae,Phoca,Phoca vitulina,animal,58.49
914,Hornbill,Brassicaceae,Tockus,Tockus flavirostris,animal,81.79
915,Deer,Commelinaceae,Axis,Axis axis,animal,70.45
916,Eagle,Asteraceae,Haliaetus,Haliaetus vocifer,animal,8.44
917,Greater blue-eared starling,Peltigeraceae,Lamprotornis,Lamprotornis chalybaeus,vegetable,39.74
918,Woolly-necked stork,Peltigeraceae,Ciconia,Ciconia episcopus,animal,48.18
919,Zebra,Asteraceae,Equus,Equus burchelli,vegetable,95.27
920,Elk,Saxifragaceae,Cervus,Cervus canadensis,vegetable,25.63
921,White-fronted capuchin,Acanthaceae,Cebus,Cebus albifrons,vegetable,12.76
922,Deer,Fabaceae,Cervus,Cervus elaphus,vegetable,18.94
923,Tinamou,Scrophulariaceae,Eudromia,Eudromia elegans,animal,17.4
924,Crane,Poaceae,Balearica,Balearica pavonina,animal,11.87
925,White-lipped peccary,Asteraceae,Tayassu,Tayassu pecari,vegetable,81.48
926,Lemur,Asteraceae,Lepilemur,Lepilemur rufescens,animal,84.66
927,Gazelle,Cyperaceae,Gazella,Gazella granti,animal,23.14
928,Grey mouse lemur,Brassicaceae,Microcebus,Microcebus murinus,vegetable,53.25
929,Mountain goat,Scrophulariaceae,Oreamnos,Oreamnos americanus,vegetable,28.07
930,Pale white-eye,Euphorbiaceae,Zosterops,Zosterops pallidus,vegetable,86.01
931,Parakeet,Roccellaceae,Psittacula,Psittacula krameri,vegetable,70.37
932,Weaver,Bromeliaceae,Ploceus,Ploceus intermedius,animal,49.95
933,Koala,Polygonaceae,Phascolarctos,Phascolarctos cinereus,vegetable,38.85
934,Owl,Asteraceae,Speotyte,Speotyte cuniculata,vegetable,68.17
935,Red-billed hornbill,Scrophulariaceae,Tockus,Tockus erythrorhyncus,vegetable,64.94
936,Rat,Rosaceae,Dipodomys,Dipodomys deserti,vegetable,29.71
937,Buffalo,Rosaceae,Snycerus,Snycerus caffer,vegetable,23.97
938,Greylag goose,Fuscideaceae,Anser,Anser anser,vegetable,27.76
939,North American red fox,Iridaceae,Vulpes,Vulpes vulpes,animal,5.27
940,Southern boubou,Cyperaceae,Laniarius,Laniarius ferrugineus,vegetable,36.14
941,Magpie,Ranunculaceae,Gymnorhina,Gymnorhina tibicen,animal,43.92
942,Pintail,Lamiaceae,Anas,Anas bahamensis,vegetable,73.15
943,Screamer,Cyperaceae,Chauna,Chauna torquata,animal,73.69
944,Indian giant squirrel,Liliaceae,Ratufa,Ratufa indica,animal,44.99
945,Cereopsis goose,Apiaceae,Cereopsis,Cereopsis novaehollandiae,animal,73.85
946,Moose,Apiaceae,Alces,Alces alces,animal,4.03
947,White-cheeked pintail,Asteraceae,Anas,Anas bahamensis,vegetable,4.61
948,Otter,Piperaceae,Lutra,Lutra canadensis,animal,20.52
949,Barasingha deer,Scrophulariaceae,Cervus,Cervus duvauceli,vegetable,22.55
950,Vulture,Iridaceae,Aegypius,Aegypius occipitalis,vegetable,14.19
951,Rat,Najadaceae,Echimys,Echimys chrysurus,animal,30.09
952,Kingfisher,Apiaceae,Ceryle,Ceryle rudis,vegetable,8.03
953,Duck,Caryophyllaceae,Dendrocygna,Dendrocygna viduata,vegetable,96.68
954,Nutcracker,Lecythidaceae,Nucifraga,Nucifraga columbiana,vegetable,88.91
955,White-throated monitor,Cyperaceae,Varanus,Varanus albigularis,vegetable,16.2
956,White spoonbill,Boraginaceae,Platalea,Platalea leucordia,animal,29.88
957,Goanna lizard,Cactaceae,Varanus,Varanus sp.,animal,12.75
958,Griffon vulture,Liliaceae,Gyps,Gyps fulvus,vegetable,1.77
959,Owl,Brassicaceae,Ninox,Ninox superciliaris,animal,73.1
960,Albatross,Betulaceae,Diomedea,Diomedea irrorata,animal,99.09
961,Bonnet macaque,Lamiaceae,Macaca,Macaca radiata,vegetable,79.04
962,North American red fox,Polygonaceae,Vulpes,Vulpes vulpes,animal,51.94
963,Dik,Fabaceae,Madoqua,Madoqua kirkii,animal,1.53
964,Sloth bear,Gentianaceae,Melursus,Melursus ursinus,vegetable,89.12
965,Yellow-brown sungazer,Caryophyllaceae,Cordylus,Cordylus giganteus,vegetable,50.29
966,Hare,Brassicaceae,Lepus,Lepus arcticus,animal,99.07
967,Crested bunting,Fabaceae,Melophus,Melophus lathami,animal,63.05
968,Alligator,Scrophulariaceae,Alligator,Alligator mississippiensis,animal,90.98
969,Civet (unidentified),Polemoniaceae,unavailable,unavailable,animal,20.95
970,Duck,Fabaceae,Hymenolaimus,Hymenolaimus malacorhynchus,vegetable,1.59
971,Stork,Juglandaceae,Ciconia,Ciconia ciconia,vegetable,20.79
972,Least chipmunk,Parmeliaceae,Eutamias,Eutamias minimus,animal,20.44
973,Zorilla,Polypodiaceae,Ictonyx,Ictonyx striatus,animal,46.37
974,Sparrow,Cistaceae,Zonotrichia,Zonotrichia capensis,vegetable,24.52
975,Malabar squirrel,Boraginaceae,Ratufa,Ratufa indica,vegetable,77.35
976,Wombat,Orchidaceae,Vombatus,Vombatus ursinus,animal,20.03
977,Dog,Violaceae,Lycaon,Lycaon pictus,vegetable,73.82
978,Native cat,Chenopodiaceae,Dasyurus,Dasyurus viverrinus,animal,86.88
979,Pademelon,Myrtaceae,Thylogale,Thylogale stigmatica,vegetable,87.51
980,Armadillo,Polemoniaceae,Dasypus,Dasypus septemcincus,vegetable,83.44
981,Lily trotter,Brassicaceae,Actophilornis,Actophilornis africanus,animal,26.57
982,Common wolf,Hydrophyllaceae,Canis,Canis lupus,vegetable,3.06
983,Bonnet macaque,Malvaceae,Macaca,Macaca radiata,animal,62.72
984,Boa,Verrucariaceae,Boa,Boa caninus,vegetable,68.17
985,Grenadier,Myrtaceae,Uraeginthus,Uraeginthus granatina,vegetable,9.63
986,Phalarope,Solanaceae,Phalaropus,Phalaropus fulicarius,animal,27.56
987,Arctic lemming,Poaceae,Dicrostonyx,Dicrostonyx groenlandicus,vegetable,51.21
988,Vulture,Ulmaceae,Neophron,Neophron percnopterus,vegetable,34.43
989,Common melba finch,Bignoniaceae,Pytilia,Pytilia melba,vegetable,99.26
990,White-faced tree rat,Melastomataceae,Echimys,Echimys chrysurus,animal,56.33
991,Vulture,Asteraceae,Sarcorhamphus,Sarcorhamphus papa,animal,59.09
992,Lesser mouse lemur,Asteraceae,Microcebus,Microcebus murinus,vegetable,21.19
993,Lava gull,Pandanaceae,Larus,Larus fuliginosus,animal,61.84
994,Skunk,Caprifoliaceae,Mephitis,Mephitis mephitis,animal,92.64
995,Mouse,Poaceae,Rhabdomys,Rhabdomys pumilio,vegetable,67.56
996,Cat,Cactaceae,Bassariscus,Bassariscus astutus,vegetable,12.18
997,Oriental white-backed vulture,Fabaceae,Gyps,Gyps bengalensis,vegetable,28.89
998,Australian brush turkey,Rhizocarpaceae,Alectura,Alectura lathami,vegetable,64.62
999,Striated heron,Lecanoraceae,Butorides,Butorides striatus,vegetable,22.77
1000,Red-billed tropic bird,Asteraceae,Phaethon,Phaethon aethereus,vegetable,43.47
1001,prueba,prueba,prueba,prueba,animal,0.0
